Dấu thời gian,English Name,Chinese Name,Role,Profile Image,Aliases,Email ,Homepage / Portfolio URL,GitHub Profile URL,LinkedIn Profile URL,ORCID,Google Scholar Profile URL,Additional Intro
05/09/2026 10:27:12,Dinh-Hung Le,AA,current-master,https://drive.google.com/open?id=1tcEgB8Gm8iz6z75iSqlfs30PKD79yNgL,dinh-hung,eul.hunghh@gmail.com,,https://github.com/lumino33,,,,https://drive.google.com/open?id=1-12JSiV9IS27LFQAuPYSrqQig9jdRCPm
05/09/2026 10:48:48,Dinh-Hung Le,AA,current-master,https://drive.google.com/open?id=1OmSWj4XB_ctS-XDt-NZTZYhg4uyXkcwj,Lumino,eul.hunghh@gmail.com,,https://github.com/lumino33,,,,https://drive.google.com/open?id=1gI7vyYB1IDojp6tS0e1kpel7tRVxstgV
05/09/2026 13:06:24,Chun-Cheng Lin,林俊成,current-master,https://drive.google.com/open?id=1PD-Od7xfpUd-iwa60BuMsMdSP7It8DQG,JimLin,jim.lin2004@gmail.com / cclin.ii15@nycu.edu.tw,https://jimlin2004.github.io/home/home.html,https://github.com/jimlin2004,,,,https://drive.google.com/open?id=1v1fircSZKkD1yHu0pTFb6nUW_C7a1jqy
05/09/2026 13:19:28,Choon Lee Yan,鐘禮讌,current-master,https://drive.google.com/open?id=1aE3T8oxnYH6lRSVguL0-OVV9HTPjOE5p,,ly.cs15@nycu.edu.tw,,,,,,
05/09/2026 13:24:06,Hong Tsz Chung,向子聰,current-master,https://drive.google.com/open?id=1tJtrJXpzu5Xt0KMg1SvySUEhx_nkXnm7,Eric,eric098098123@gmail.com,,,,,,
05/09/2026 14:44:37,Wei-Yun Chan,詹惟勻,current-master,https://drive.google.com/open?id=1kJFQ9RV3hT3AImPcKwumg9X6JYZIih3a,"惟勻, Wei-Yun",winniejan30327@gmail.com,,,,,,
05/09/2026 15:36:49,vincent,蘇祐生,current-master,https://drive.google.com/open?id=1kV8L9AnBm7aqo697WZrr5CQHCNL2026Q,vincnet,vincent992538@gmail.com,,vincent992538@gmail.com,vincent992538@gmail.com,,,
06/09/2026 16:04:31,Hoang-Tuan Nguyen (Fungi),阮煌俊,current-master,https://drive.google.com/open?id=18mWZ100nwKcW_ccUPjXqznSW9hZQe369,Fungi,hoangtuanvnkg021@gmail.com,,https://github.com/htuann2712,https://www.linkedin.com/in/htuann2712/,https://orcid.org/0009-0007-1788-4155,https://scholar.google.com/citations?hl=vi&user=zXBxg0kAAAAJhttps://scholar.google.com/citations?user=zXBxg0kAAAAJ&hl=vi,
06/09/2026 16:35:56,Nguyen Hoang Linh Phuong,阮黄玲芳,current-master,https://drive.google.com/open?id=1vBANZ63_XXv25WQgw01vOnJ6YxluKuZy,,,,,,,,
06/09/2026 16:58:25,Huỳnh Nhật Hoà,黃日和,current-master,,,,,,,,,
06/09/2026 23:25:02,Francisco Brizuela,孫傅康,current-undergrad,https://drive.google.com/open?id=170UH0Cbm1oN1xBTdPksOCOpOxuPczqRQ,,fran3.14159265@gmail.com,,https://github.com/franbrizuelab,,,,
07/09/2026 11:37:27,LI YU CHE,李宇哲,current-master,https://drive.google.com/open?id=1etcKwgFQ0Qz8eP-TwsqIs9u6vXQdSn01,,ted1050217@gmail.com,,https://github.com/TedLee109,,,,https://drive.google.com/open?id=1eBDKfSBhDqAb3vOqMCQe5ZxDbRUZLCI-
07/09/2026 15:56:31,Bui Long Thien,裴宇龍,current-master,https://drive.google.com/open?id=1N4wlM3pv6Gihqf3x1rz9od042mqRPQDD,,buithien801@gmail.com,,,,,,